{"x": 2.215860704493025, "y": -26.343075638293556, "w": 421.76435087586174, "h": 232.69757289702716, "baseW": 2783}