{"x": 2.498573225597056, "y": 3.0642770645589863, "w": 315.00285354880606, "h": 173.79467782003093, "baseW": 2778.6000000000004}